140262430	2107	PhysicsEngine::PhysicsEngine
140262ce0	11	ICollisionCallback::~ICollisionCallback
140262cf0	334	PhysicsEngine::~PhysicsEngine
140262e40	9	Wind::~Wind
140262e50	41	Speed::operator*
140262e80	38	destructor'
140262eb0	47	destructor'
140262ee0	38	destructor'
140262f10	47	destructor'
140263a00	31	PhysicsEngine::addAdditionalPhysicsProvider
140263a20	64	PhysicsEngine::addLegalTyre
140263a60	29	PhysicsEngine::getAirDensity
140263a80	8	PhysicsEngine::getCore
140263a90	35	PhysicsEngine::getOddTimeOffset
140263ac0	419	PhysicsEngine::getPhysicsStates
140263c70	17	PhysicsEngine::hasSessionStarted
140263c90	670	PhysicsEngine::initLowSpeedFF
140263f30	234	PhysicsEngine::isTyreLegal
140264020	398	PhysicsEngine::onCollisionCallBack
140264240	73	PhysicsEngine::removeCar
140264560	34	PhysicsEngine::setSessionInfo
140264590	9	PhysicsEngine::setSessionStartTimeMS
1402645a0	433	PhysicsEngine::setWind
140264760	2996	PhysicsEngine::step
140265320	87	PhysicsEngine::stepPaused
140265380	391	PhysicsEngine::stepWind
140265530	837	PhysicsEngine::writeTestResult
1402658c0	71	PenaltyManager::~PenaltyManager
140265a90	375	PenaltyManager::addJumpStartPenalty
140265c10	25	PenaltyManager::checkBlackFlag
140265c30	27	PenaltyManager::decreasePitPenaltyLaps
140265c50	36	PenaltyManager::init
140265d40	68	PenaltyManager::reset
140265d90	120	PenaltyManager::resetPenalty
140265e10	200	PenaltyManager::step
140265f70	173	SGearRatio::SGearRatio
140266020	195	Drivetrain::~Drivetrain
1402660f0	123	DrivetrainControllers::~DrivetrainControllers
1402664c0	174	Drivetrain::accelerateDrivetrainBlock
140266570	237	Drivetrain::addGear
140266660	905	Drivetrain::gearDown
1402669f0	288	Drivetrain::gearUp
140266b10	88	Drivetrain::getCurrentGear
140266b70	10	Drivetrain::getDrivetrainSpeed
140266b80	26	Drivetrain::getEngineRPM
140266ba0	119	Drivetrain::getInertiaFromEngine
140266c20	328	Drivetrain::getInertiaFromWheels
140266d70	21	Drivetrain::getRpmWindowStatus
140266d90	46	Drivetrain::hasDynamicControllers
140266dc0	682	Drivetrain::init
140267070	827	Drivetrain::initControllers
1402673b0	12	Drivetrain::isChangingGear
1402673c0	125	Drivetrain::isGearboxLocked
140267440	6813	Drivetrain::loadINI
140268ee0	112	Drivetrain::projectRPMAtDownshift
140269100	333	Drivetrain::reallignSpeeds
140269280	81	Drivetrain::reset
1402692e0	400	Drivetrain::setCurrentGear
140269470	104	Drivetrain::setGearRatio
1402694e0	3381	Drivetrain::step2WD
14026a220	2907	Drivetrain::step4WD
14026ad80	930	Drivetrain::step4WD_new
14026b130	201	Drivetrain::step
14026b200	239	Drivetrain::stepControllers
14026b3d0	110	PerformanceMeter::~PerformanceMeter
14026b700	157	PerformanceMeter::getCurrentSplit
14026b7a0	19	PerformanceMeter::hasData
14026b7c0	35	PerformanceMeter::init
14026b880	87	PerformanceMeter::reset
14026b8e0	497	PerformanceMeter::step
14026bd30	41	AntirollBar::AntirollBar
14026bd60	126	Autoclutch::Autoclutch
14026bde0	54	BrakeDisc::BrakeDisc
14026be20	220	BrakeSystem::BrakeSystem
14026bf00	6315	Car::Car
14026d7b0	184	CarColliderManager::CarColliderManager
14026d870	505	Drivetrain::Drivetrain
14026da70	113	DynamicControllerStage::DynamicControllerStage
14026daf0	52	HeaveSpring::HeaveSpring
14026db30	160	Telemetry::Telemetry
14026dbd0	639	Tyre::Tyre
14026de50	289	TyreModelData::TyreModelData
14026df80	144	TyreThermalModel::TyreThermalModel
14026e060	9	AutoBlip::~AutoBlip
14026e070	93	BrakeSystem::~BrakeSystem
14026e0d0	1894	Car::~Car
14026e840	9	DynamicControllerStage::~DynamicControllerStage
14026e850	11	ITorqueGenerator::~ITorqueGenerator
14026e860	9	TurboDynamicController::~TurboDynamicController
14026e870	103	TelemetryChannel::~TelemetryChannel
14026e8e0	188	TyreCompoundDef::~TyreCompoundDef
14026e9a0	75	TyreModelData::~TyreModelData
14026e9f0	46	TyreThermalModel::~TyreThermalModel
14026ec00	56	DynamicController::operator=
14026ec50	47	destructor'
14026ec80	38	destructor'
14026ecb0	47	destructor'
14026f5b0	233	Event<structSessionInfo>::addHandler
14026f6a0	174	Car::addPenalty
14026f750	1047	Car::buildARBS
14026fb70	102	Car::calcBodyMass
14026fc50	63	Car::clearPenalty
14026fc90	370	Car::computeRideHeight
14026fe10	550	Car::forcePosition
140270040	499	Car::forceRotation
140270240	275	Car::getAIState
140270360	71	Car::getBackDistanceFromCar
1402703b0	102	Car::getCGHeight
140270420	552	Car::getConfigPath
140270650	8	Car::getControlsProvider
140270660	760	Car::getEngagement
140270960	48	Car::getFinalFF
140270990	571	Car::getFrontWheelAngle
140270bd0	43	Car::getFuelPerLap
140270c00	236	Car::getGroundWindVector
140270cf0	34	Car::getLocalAngularVelocity
140270d20	34	Car::getLocalVelocity
140270d50	22	Car::getPenaltyTime
140270d70	4323	Car::getPhysicsState
140271e60	733	Car::getPitstopTime
140272140	23	Car::getRestrictor
140272160	27	Car::getSpeed
140272180	865	Car::getSteerFF
1402724f0	86	Car::getSuspensionMatrix
140272550	21	Car::getTotalKM
140272570	303	Car::getTotalMass
1402726a0	258	Car::getTyreMatrix
1402727b0	389	Car::getTyreThermalState
140272940	31	Car::getVelocity
140272960	180	Car::getWheelSterAngleDEG
140272a20	83	Car::getWingState
140272a80	171	Car::initAeroMap
140272b30	3727	Car::initCarData
1402739c0	348	Car::initCarDataPath
140273b20	1046	Car::initColliderMesh
140273f40	217	Car::initHeaveSprings
140274020	1203	Car::initPitstopTimings
1402744e0	74	Car::isInPitLane
140274530	147	Car::isInPits
1402745d0	8	Car::isMinSpeedPenaltyClearDisabled
1402745e0	16	Car::isSleeping
1402745f0	7	Car::lockControls
140274600	69	Car::lockControlsUntil
140274650	1499	Car::onCollisionCallBack
140274c30	155	Car::onNewSession
140274cd0	414	Car::onTyresStepCompleted
140274e70	1457	Car::pollControls
140275430	605	Car::postStep
1402758e0	125	Car::reset
140275960	12	Car::resetSplineLocator
140275970	104	Car::resetSuspensionDamageLevel
1402759e0	9	Car::setBallastKG
1402759f0	120	Car::setBlackFlag
140275a70	169	Car::setControllerProvider
140275b20	41	Car::setDamageLevel
140275b50	13	Car::setDamageLevel
140275b60	321	Car::setFuelForLaps
140275cb0	93	Car::setRequestedFuel
140275d10	47	Car::setRestrictor
140275d40	88	Car::setSlipStreamEffects
140275da0	1836	Car::step
1402764d0	675	Car::stepComponents
140276780	311	Car::stepJumpStart
1402768c0	290	Car::stepPreCacheValues
1402769f0	225	Car::stepThermalObjects
140276ae0	396	Car::updateAirPressure
140276c70	381	Car::updateBodyMass
140276df0	533	Car::updateColliderStatus
140277100	929	Track::Track
1402774f0	11	IRayTrackCollisionProvider::~IRayTrackCollisionProvider
140277500	561	Track::~Track
140277740	318	<lambda_35d8cb8af1a237ef9e090922361c4b54>::operator()
140277880	38	destructor'
1402778b0	47	destructor'
1402778e0	47	destructor'
140277e50	491	Track::addSurface
140278040	431	Track::addTimeLine
1402781f0	46	Track::createRayCaster
140278220	119	Track::getSector
1402782a0	96	Track::initAISpline
140278300	1167	Track::initDynamicTrack
140278790	747	Track::initStartingBounds
140278bb0	199	Track::rayCast
140278c80	124	Track::rayCastWithRayCaster
140278d00	18	Track::setGripLevelExternal
140278d20	317	Track::step
140278ea0	836	DRSManager::DRSManager
1402791f0	71	DRSManager::~DRSManager
140279490	98	DRSManager::isDRSAvailable
140279500	9	DRSManager::setZones
140279510	69	DRSManager::wasRaceSwitchedOn
140279560	1297	FFPostProcessor::FFPostProcessor
140279a80	194	FFPostProcessor::getProcessedFF
140279bf0	25	RaceEngineer::RaceEngineer
140279c10	11	RaceEngineer::~RaceEngineer
140279e20	38	destructor'
140279ed0	5	atan
140279f50	415	RaceEngineer::evalAvailableBrake
14027a0f0	365	RaceEngineer::evalFrontRideHeight
14027a260	680	RaceEngineer::evalLateralGFromLoads
14027a510	823	RaceEngineer::evalLateralGrip
14027a850	372	RaceEngineer::evalRearRideHeight
14027a9d0	13	RaceEngineer::evalRideHeight
14027a9e0	625	RaceEngineer::evalTyreLoad
14027ac60	1846	RaceEngineer::evaluateFuelPerLapFromTrackSpline
14027b3a0	421	RaceEngineer::findTyreCompound
14027b550	445	RaceEngineer::getAccelerationProfile
14027b710	745	RaceEngineer::getAntiSquat
14027ba00	136	RaceEngineer::getBaseCarHeight
14027ba90	132	RaceEngineer::getBetaRAD
14027bb20	204	RaceEngineer::getCasterRAD
14027bbf0	45	RaceEngineer::getCompoundDY
14027bc20	56	RaceEngineer::getDrivingTyresSlip
14027bc60	216	RaceEngineer::getDynamicIndex
14027bd40	19	RaceEngineer::getFrontCasterRAD
14027bd60	443	RaceEngineer::getFrontDampingRatio
14027bf20	229	RaceEngineer::getFrontNaturalFrequencyHZ
14027c010	66	RaceEngineer::getFrontTrack
14027c060	347	RaceEngineer::getKPI_RAD
14027c1c0	33	RaceEngineer::getLeftDrivenTyre
14027c1f0	78	RaceEngineer::getMaxBrakingForce
14027c240	221	RaceEngineer::getMaxSpeedFromGear
14027c320	427	RaceEngineer::getOptimalBrake
14027c4d0	127	RaceEngineer::getPointFrontShare
14027c550	371	RaceEngineer::getPointGroundHeight
14027c6d0	539	RaceEngineer::getRearDampingRatio
14027c8f0	231	RaceEngineer::getRearNaturalFrequencyHZ
14027c9e0	67	RaceEngineer::getRearTrack
14027ca30	33	RaceEngineer::getRightDrivenTyre
14027ca60	277	RaceEngineer::getTorqueToGripRatio
14027cb80	7	Drivetrain::getTractionType
14027cb90	136	RaceEngineer::getWeightDistribution
14027cc20	196	RaceEngineer::projectCarForwardForceAtGas
14027ccf0	200	RaceEngineer::projectWingsDrag
14027cdc0	180	RaceEngineer::projectWingsLift
14027cee0	380	TyreCompoundDef::TyreCompoundDef
14027d060	296	TyreCompoundDef::TyreCompoundDef
14027d190	398	TyreModelData::TyreModelData
14027d320	262	Tyre::~Tyre
14027d430	52	BrushSlipProvider::operator=
14027d470	751	TyreModelData::operator=
14027d980	634	Tyre::addGroundContact
14027dc00	1439	Tyre::addTyreForceToHub
14027e1a0	3000	Tyre::addTyreForces
14027ed60	2554	Tyre::addTyreForcesV10
14027f770	47	calcLoadSensMult
14027f7a0	2260	Tyre::generateCompoundNames
140280080	174	Tyre::getCamberedDy
140280130	85	getConfigPath
140280190	169	Tyre::getCorrectedD
140280240	393	Tyre::getDX
1402803d0	385	Tyre::getDY
140280560	41	Tyre::getDynamicK
140280590	152	Tyre::getFinalTyreRotation
140280630	25	Tyre::getWorldPosition
140280650	422	Tyre::init
140280800	10809	Tyre::initCompounds
140283240	62	Tyre::loadSensExpD
140283280	20	Tyre::loadSensLinearD
140283380	350	Tyre::reset
1402834e0	786	Tyre::setCompound
140283800	3011	Tyre::step
1402843d0	293	Tyre::stepDirtyLevel
140284500	243	Tyre::stepFlatSpot
140284600	937	Tyre::stepGrainBlister
1402849b0	142	Tyre::stepPuncture
140284a40	320	Tyre::stepRelaxationLength
140284b80	284	Tyre::stepRotationMatrix
140284ca0	609	Tyre::stepThermalModel
140284f10	132	Tyre::stepTyreBlankets
140284fa0	206	Tyre::updateAngularSpeed
140285070	119	Tyre::updateLockedState
1402852b0	435	Engine::Engine
140285470	38	TurboDynamicController::TurboDynamicController
1402854a0	125	acEngineData::acEngineData
140285540	235	Engine::~Engine
140285630	45	acEngineData::~acEngineData
1402859f0	31	Engine::addCoastGenerator
140285a10	31	Engine::addTorqueGenerator
140285a30	18	Engine::blowUp
140285a50	24	Engine::getLimiterRPM
140285a70	9	Engine::getMaxPowerRPM
140285a80	79	Engine::getMaxPowerW
140285ad0	9	Engine::getMaxTorqueNM
140285ae0	9	Engine::getMaxTorqueRPM
140285af0	83	Engine::getMaxTurboBoost
140285b50	59	Engine::getSafeTurboLevel
140285b90	379	Engine::getThrottleResponseGas
140285d10	169	Engine::getTorqueAtRPM
140285dc0	58	Engine::getTurboBoostLevel
140285e00	6	Turbo::getWastegate
140285e10	114	Engine::init
140285e90	12	Engine::isLimiterOn
140285ea0	600	Engine::loadCoastSettings
140286100	7172	Engine::loadINI
140287d10	203	Engine::precalculatePowerAndTorque
140287f90	120	Engine::reset
140288010	124	Engine::setCoastSettings
140288090	73	Engine::setTurboBoostLevel
1402880e0	1640	Engine::step
140288750	418	Engine::stepP2P
140288900	267	Engine::stepTurbos
140288c80	13	<lambda_e938ee1f5f9de289a2126c9e8e82d0b8>::<lambda_e938ee1f5f9de289a2126c9e8e82d0b8>
140288c90	224	SetupItem::SetupItem
140288d70	71	SetupManager::~SetupManager
140288dc0	38	destructor'
140288df0	47	destructor'
1402891b0	215	SetupManager::getSetupItem
140289290	723	SetupManager::init
140289570	13969	SetupManager::initItems
14028cc10	128	SetupManager::isSetupRespectingRules
14028cc90	806	SetupManager::load
14028d090	108	SetupManager::step
14028d260	43	FuelLapEvaluator::getFuelLaps
14028d290	26	FuelLapEvaluator::getFuelPerLap
14028d2b0	145	FuelLapEvaluator::init
14028d350	4	FuelLapEvaluator::setIgnoreLap
14028d360	152	FuelLapEvaluator::step
14028d400	543	BrakeSystem::activateTempRunFile
14028d620	9	BrakeSystem::getBrakePower
14028d630	22	BrakeSystem::getFrontBias
14028d650	61	Track::getName
14028d690	466	BrakeSystem::init
14028d870	3091	BrakeSystem::loadINI
14028e490	71	BrakeSystem::reset
14028e4e0	227	BrakeSystem::saveTempsRunFame
14028e5d0	107	BrakeSystem::setManualFrontBias
14028e640	731	BrakeSystem::step
14028e920	417	BrakeSystem::stepTemps
14028ead0	9	ABS::~ABS
14028eae0	217	ABS::cycleMode
14028ebc0	132	ABS::getCurrentMode
14028ec50	2432	ABS::init
14028f5d0	54	ABS::isInAction
14028f610	696	ABS::step
14028f8d0	9	TractionControl::~TractionControl
14028f8e0	202	TractionControl::cycleMode
14028f9b0	129	TractionControl::getCurrentMode
14028fa40	1979	TractionControl::init
140290200	503	TractionControl::step
140290470	184	TimeTransponder::~TimeTransponder
140290680	7	TimeTransponder::addCut
140290690	8	TimeTransponder::armFirstLap
1402906a0	7	TimeTransponder::getCuts
1402906b0	38	TimeTransponder::getLastLapSplits
1402906e0	217	TimeTransponder::getStatus
1402907c0	298	TimeTransponder::init
1402908f0	112	TimeTransponder::invalidate
140290960	24	TimeTransponder::isInOpenTrackTransition
140290980	195	TimeTransponder::isValid
140290a50	462	TimeTransponder::lap
140290c20	569	TimeTransponder::onTimeLinePassed
140290e60	219	TimeTransponder::reset
140291150	155	TimeTransponder::split
1402911f0	476	TimeTransponder::step
140291500	275	ERS::ERS
140291620	102	ERSPowerController::ERSPowerController
1402916d0	279	ERS::~ERS
1402917f0	70	ERSPowerController::~ERSPowerController
140291840	11	ICoastGenerator::~ICoastGenerator
140291860	47	destructor'
140291890	38	destructor'
140291b40	139	ERS::getCoastTorque
140291bd0	82	ERS::getOutputTorque
140291c30	4756	ERS::init
140292fa0	28	ERS::reset
140292fc0	287	ERS::setPowerController
1402930e0	1505	ERS::step
140293bf0	303	AISplineRecorder::AISplineRecorder
140293d20	617	AISplineRecorder::~AISplineRecorder
140294820	208	AISpline::operator=
1402948f0	619	<lambda_9b1b62f93a07db65796d8ab6036977be>::operator()
140294b60	47	destructor'
140295020	101	AISplineRecorder::beginPitLaneSpline
140295110	130	AISplineRecorder::endPitLaneSpline
1402951a0	8	AISplineRecorder::getBestLapSpline
1402951b0	51	AISplineRecorder::getBrakeHintAtSplinePos
1402951f0	60	AISplineRecorder::getDangerAtSplinePos
140295230	51	AISplineRecorder::getHintAtSplinePos
140295270	51	AISplineRecorder::getMaxSpeedHintAtSplinePos
1402952b0	8	AISplineRecorder::getPitLaneSpline
1402952c0	931	AISplineRecorder::load
140295670	2957	AISplineRecorder::loadHints
140296200	636	AISplineRecorder::loadPitLaneSpline
140296480	733	AISplineRecorder::loadSideSpline
140296760	267	AISplineRecorder::onLapCompleted
140296870	613	AISplineRecorder::recomputeSidesFromCsv
140296ae0	1000	AISplineRecorder::save
140296f00	87	AISplineRecorder::startRecording
140296f60	706	AISplineRecorder::step
140298c60	8038	AIDriver::AIDriver
14029abd0	113	AISinOffsetData::AISinOffsetData
14029ac50	16	AIWingSetup::AIWingSetup
14029ac90	454	AIDriver::~AIDriver
14029ae60	78	AISetup::~AISetup
14029aff0	38	destructor'
14029b020	38	destructor'
14029b050	38	destructor'
14029b080	47	destructor'
14029baa0	2394	AIDriver::acquireControls
14029c400	233	Event<classvec3f>::addHandler
14029c4f0	269	AIDriver::calcMinForwardSides
14029c9f0	375	AIDriver::findTyreForQualify
14029cb70	424	AIDriver::generatePitStopStrategy
14029cd20	564	AIDriver::generatePitlaneWait
14029cf60	6	SuspensionML::getPackerRange
14029cf70	310	AIDriver::getClosestFollowingCarTTI
14029d0b0	127	AIDriver::getCornerRadiusHint
14029d130	285	AIDriver::getDistanceToApex
14029d250	322	AIDriver::getDistanceToNextCorner
14029d3a0	63	Autoclutch::getDownshiftSequenceDuration
14029d3e0	599	AIDriver::getEngagedDesiredOffset
14029d640	9	Drivetrain::getGearDnTime
14029d650	1717	AIDriver::getLABraking
14029dd10	174	AIDriver::getLateralPush
14029ddc0	8	AIDriver::getName
14029ddd0	157	AIDriver::getOutsideOffset
14029de70	781	AIDriver::getSteerAtDistance
14029e180	9	AIDriver::getUltraGrip
14029e190	180	getVKMForMult
14029e250	930	AIDriver::initSetup
14029e600	492	AIDriver::initTyreStrategies
14029e7f0	2377	loadGearRatiosFromFile
14029f140	485	AIDriver::onNewSession
14029f7a0	157	AIDriver::selectTimeStartTime
14029f840	122	Autoclutch::setDownshiftProfile
14029f8c0	9	AIDriver::setUltraGrip
14029f8d0	3967	AIDriver::stepCarsAwareness2
1402a0850	130	AIDriver::stepDRS
1402a08e0	3229	AIDriver::stepGasBrake
1402a1580	399	AIDriver::stepGasBrakeStart
1402a1710	715	AIDriver::stepGears
1402a19e0	455	AIDriver::stepHumanizer
1402a1bb0	109	AIDriver::stepKers
1402a1c20	222	AIDriver::stepP2P
1402a1d00	538	AIDriver::stepPitLaneMode
1402a1f20	253	AIDriver::stepPushVariations
1402a2020	322	AIDriver::stepSetup
1402a2170	208	AIDriver::stepSinOffset
1402a2240	996	AIDriver::stepSplineSelection
1402a2630	1059	AIDriver::stepSteer
1402a2a60	1618	AIDriver::stepSuperhuman
1402a30c0	315	AIDriver::stepTurbo
1402a3200	240	AIDriver::updateCurrentSplinePos
1402a32f0	422	AIDriver::updateTyres
1402a34e0	119	CarColliderManager::~CarColliderManager
1402a36c0	142	CarColliderManager::getBox
1402a3750	68	CarColliderManager::init
1402a37a0	1449	CarColliderManager::loadINI
1402a3d50	61	CarColliderManager::step
1402a4d70	137	AISpline::AISpline
1402a4e00	156	AISpline::~AISpline
1402a4ea0	47	destructor'
1402a52d0	88	AISpline::addPoint
1402a5330	749	AISpline::adjustPayloadEndpoint
1402a5620	9	AISpline::buildGrid
1402a5630	2014	AISpline::buildSides
1402a5e10	1549	AISpline::calculateNormals
1402a6420	1524	AISpline::calculateRadius
1402a6a20	304	AISpline::cleanSpline
1402a6b50	40	AISpline::clear
1402a6b80	36	AISpline::closeSmooth
1402a6bb0	573	AISpline::getCornerRadiusAt
1402a6df0	758	AISpline::getDistToCornerFwd
1402a70f0	758	AISpline::getDistToCornerRev
1402a73f0	54	AISpline::getLastPoint
1402a7430	302	AISpline::getPayloadIndices
1402a7560	913	AISpline::getPointWithOffset
1402a7900	281	AISpline::getPointWithOffset
1402a7a20	205	AISpline::getSidesAtPos
1402a7af0	441	AISpline::getSlimPayloadAt
1402a7cb0	430	AISpline::getStraightDataFromIndex
1402a7e60	261	AISpline::getStraightFactor
1402a7f70	442	AISpline::initPitlane
1402a8130	444	AISpline::initStraights
1402a82f0	152	AISpline::isInStraight
1402a8390	48	AISpline::load
1402a83c0	492	AISpline::loadFast
1402a85b0	1473	AISpline::loadVersion6
1402a8b80	1306	AISpline::loadVersion7
1402a90a0	1287	AISpline::payloadAtPosition
1402a95b0	314	AISpline::payloadAtSplineIndex
1402a96f0	9	AISpline::pointsCount
1402a98d0	1181	AISpline::save
1402a9d70	118	AISpline::setPayloadAtSplineIndex
1402a9df0	120	DynamicWingController::DynamicWingController
1402a9e70	118	DynamicWingController::DynamicWingController
1402a9ef0	480	DynamicWingController::getInput
1402aa0d0	2450	DynamicWingController::initCommon
1402aaa70	115	DynamicWingController::step
1402aaaf0	5	SlipStream::~SlipStream
1402aac60	349	SlipStream::getSlipEffect
1402aadc0	179	SlipStream::init
1402aae80	677	SlipStream::setPosition
1402ab130	355	SplineLocator::getSides
1402ab2a0	73	SplineLocator::init
1402ab2f0	258	SplineLocator::locateOnSpline
1402ab400	273	SplineLocator::locateOnSplineWithBounds
1402ab520	15	SplineLocator::reset
1402ab530	143	SplineLocator::resetToClosestPoint
1402ab5c0	370	SplineLocator::step
1402ab740	2102	AIDriverDrag::AIDriverDrag
1402abf80	388	<lambda_b063a9d8359dc16b7a677832dc9564e0>::operator()
1402ac110	125	destructor'
1402ac1f0	306	AIDriverDrag::acquireControls
1402ac330	9	AIDriverDrag::getFFGlobalGain
1402ac340	8	AIDriverDrag::getName
1402ac350	123	AIDriverDrag::getSteerAtDistance
1402ac3d0	89	AIDriverDrag::setStartTime
1402ac430	230	AIDriverDrag::stepGasBrake
1402ac520	168	AIDriverDrag::stepGasBrakeStart
1402ac5d0	445	AIDriverDrag::stepGears
1402ac790	262	AIDriverDrag::stepSteer
1402ac8a0	467	PhysicsObject::PhysicsObject
1402aca80	62	destructor'
1402acb70	31	PhysicsObject::getWorldMatrix
1402acb90	94	PhysicsObject::setWorldMatrix
1402ad070	17	TyreThermalModel::addThermalCoreInput
1402ad090	621	TyreThermalModel::addThermalInput
1402ad300	2190	TyreThermalModel::buildTyre
1402adb90	39	TyreThermalModel::getAvgSurfaceTemp
1402adbc0	21	TyreThermalModel::getCorrectedD
1402adbe0	464	TyreThermalModel::getCurrentCPTemp
1402addb0	512	TyreThermalModel::getIMO
1402adfb0	393	TyreThermalModel::getPatchAt
1402ae140	38	TyreThermalModel::getPracticalTemp
1402ae170	73	TyreThermalModel::init
1402ae1c0	89	TyreThermalModel::reset
1402ae310	33	TyreThermalModel::setTemperature
1402ae340	1006	TyreThermalModel::step
1402ae730	67	Turbo::Turbo
1402ae780	11	Turbo::getBoost
1402ae790	8	Turbo::reset
1402ae7a0	18	Turbo::setTurboBoostLevel
1402ae7c0	236	Turbo::step
1402af330	5164	DynamicController::DynamicController
1402b0760	24	DynamicController::DynamicController
1402b0780	62	DynamicControllerStage::DynamicControllerStage
1402b07c0	9	DynamicController::~DynamicController
1402b0c00	364	DynamicController::eval
1402b0d70	1116	DynamicController::getInput
1402b11d0	92	DynamicController::getOversteerFactor
1402b1230	61	DynamicController::getRearSpeedRatio
1402b1340	3958	Wing::Wing
1402b22c0	145	WingData::WingData
1402b2370	61	Wing::~Wing
1402b2420	776	Wing::addDrag
1402b2730	1088	Wing::addLift
1402b2b70	8	Wing::clearOverrides
1402b2b80	35	Wing::getCurrentModifiedAngle
1402b2bb0	16	Wing::setOverrideAngle
1402b2bc0	515	Wing::step
1402b2dd0	165	Wing::stepDynamicControllers
1402b2e80	42	ThermalObject::ThermalObject
1402b2eb0	11	ThermalObject::~ThermalObject
1402b2ec0	38	destructor'
1402b2ef0	11	ThermalObject::addHeadSource
1402b2f00	128	ThermalObject::step
1402b2f80	176	BrushSlipProvider::BrushSlipProvider
1402b3030	52	BrushSlipProvider::BrushSlipProvider
1402b3070	20	BrushSlipProvider::~BrushSlipProvider
1402b3090	253	BrushSlipProvider::calcMaximum
1402b3190	157	BrushSlipProvider::getSlipForce
1402b3230	21	BrushSlipProvider::recomputeMaximum
1402b3250	45	Damper::Damper
1402b3280	119	Damper::getForce
1402b3300	9	HeaveSpring::~HeaveSpring
1402b3310	34	HeaveSpring::init
1402b3340	1565	HeaveSpring::initData
1402b3960	2039	HeaveSpring::step
1402b4330	2665	DRS::init
1402b4e60	312	DRS::step
1402b51f0	111	DynamicWingController::DynamicWingController
1402b5260	294	Wing::Wing
1402b5390	9	AeroMap::~AeroMap
1402b5860	551	AeroMap::addDrag
1402b5a90	194	AeroMap::addLift
1402b5b60	36	AeroMap::getCurrentDragKG
1402b5b90	36	AeroMap::getCurrentLiftKG
1402b5bc0	213	AeroMap::getWingStatus
1402b5ca0	164	AeroMap::init
1402b5d50	4692	AeroMap::loadINI
1402b7150	135	AeroMap::step
1402b71e0	71	Kers::~Kers
1402b7290	22	Kers::getDischargeTimeS
1402b72b0	166	Kers::getOutputTorque
1402b7360	2718	Kers::init
1402b7e00	15	Kers::reset
1402b7e10	694	Kers::step
1402b80d0	221	SteeringSystem::init
1402b81b0	164	SteeringSystem::step
1402b8320	154	ClutchSequence::ClutchSequence
1402b83c0	62	Autoclutch::~Autoclutch
1402b8400	132	ClutchSequence::operator=
1402b86e0	233	Event<structOnGearRequestEvent>::addHandler
1402b87d0	179	Autoclutch::init
1402b8890	2746	Autoclutch::loadINI
1402b9350	267	Autoclutch::onGearRequest
1402b9590	519	Autoclutch::step
1402b97a0	168	Autoclutch::stepSequence
1402b9850	38	destructor'
1402b9910	148	AutoBlip::init
1402b99b0	1332	AutoBlip::loadINI
1402b9ef0	304	AutoBlip::step
1402ba020	44	AutoShifter::init
1402ba050	1946	AutoShifter::loadINI
1402ba7f0	843	AutoShifter::step
1402bab40	11	GearChanger::init
1402bab50	146	GearChanger::step
1402babf0	2145	EDL::init
1402bb460	414	EDL::step
1402bb600	9	SteeringSystem::~SteeringSystem
1402bb610	26	AntirollBar::init
1402bb630	5	DynamicController::isReady
1402bb640	699	AntirollBar::step
1402bb900	5	SpeedLimiter::init
1402bb910	247	SpeedLimiter::step
1402bbc70	148	TelemetryChannel::TelemetryChannel
1402bbd10	156	TelemetryChannel::TelemetryChannel
1402bbdb0	106	Telemetry::~Telemetry
1402bc010	11432	Telemetry::init
1402befa0	12	BrakeSystem::isUsingEBB
1402bf070	1337	Telemetry::save
1402bf5b0	987	Telemetry::step
1402bfa30	22	StabilityControl::init
1402bfa50	511	StabilityControl::step
1402bfc50	321	DriftModeComponent::checkExtremeDrifting
1402bfda0	380	DriftModeComponent::init
1402bff20	846	DriftModeComponent::step
1402c0270	347	DriftModeComponent::validateDrift
1402c03d0	431	LapInvalidator::onEnterPenaltyZone
1402c0580	402	LapInvalidator::step
1402c0720	1035	Suspension::Suspension
1402c0b30	11	ISuspension::~ISuspension
1402c0b40	38	destructor'
1402c0b70	119	destructor'
1402c0bf0	335	Suspension::addForceAtPos
1402c0d40	463	Suspension::addLocalForceAndTorque
1402c0f10	152	Suspension::addTorque
1402c0fb0	1356	Suspension::attach
1402c1500	29	Suspension::getDamage
1402c1520	8	Suspension::getDamper
1402c1530	1671	Suspension::getDebugLines
1402c1bc0	31	SuspensionStrut::getHubAngularVelocity
1402c1be0	6	SuspensionStrut::getK
1402c1bf0	8	Suspension::getStatus
1402c1c00	340	Suspension::getSteerBasis
1402c1d60	9	Suspension::getSteerTorque
1402c1d70	28	Suspension::getVelocity
1402c1d90	4949	Suspension::loadINI
1402c31d0	11	Suspension::resetDamage
1402c31e0	79	Suspension::setDamage
1402c3230	93	Suspension::setERPCFM
1402c3290	247	Suspension::setSteerLengthOffset
1402c3390	1338	Suspension::step
1402c38d0	1059	SuspensionStrut::SuspensionStrut
1402c3d00	89	destructor'
1402c3d60	280	SuspensionStrut::addForceAtPos
1402c3e80	466	SuspensionStrut::addLocalForceAndTorque
1402c4060	152	SuspensionStrut::addTorque
1402c4100	1419	SuspensionStrut::attach
1402c4690	19	Suspension::getBasePosition
1402c46b0	29	SuspensionStrut::getDamage
1402c46d0	8	SuspensionStrut::getDamper
1402c46e0	1392	SuspensionStrut::getDebugLines
1402c4c50	219	Suspension::getHubWorldMatrix
1402c4d30	11	Suspension::getMass
1402c4d40	31	SuspensionStrut::getPointVelocity
1402c4d60	8	SuspensionStrut::getStatus
1402c4d70	340	SuspensionStrut::getSteerBasis
1402c4ed0	9	SuspensionStrut::getSteerTorque
1402c4ee0	4706	SuspensionStrut::loadINI
1402c6150	11	SuspensionStrut::resetDamage
1402c6160	79	SuspensionStrut::setDamage
1402c61b0	93	SuspensionStrut::setERPCFM
1402c6210	814	SuspensionStrut::setPositions
1402c6540	182	SuspensionStrut::setSteerLengthOffset
1402c6600	1312	SuspensionStrut::step
1402c6b20	19	Suspension::stop
1402c6b90	4450	SuspensionAxle::SuspensionAxle
1402c7d00	111	SuspensionAxle::~SuspensionAxle
1402c7d70	47	destructor'
1402c7f00	14	SuspensionAxle::addForceAtPos
1402c7f10	144	SuspensionAxle::addLocalForceAndTorque
1402c7fa0	14	SuspensionAxle::addTorque
1402c7fb0	5	SuspensionAxle::attach
1402c7fc0	59	SuspensionAxle::getBasePosition
1402c8000	5	SuspensionAxle::getDamper
1402c8010	1035	SuspensionAxle::getDebugLines
1402c8420	31	SuspensionAxle::getHubAngularVelocity
1402c8440	126	SuspensionAxle::getHubWorldMatrix
1402c84c0	27	SuspensionAxle::getMass
1402c84e0	31	SuspensionAxle::getPointVelocity
1402c8500	5	SuspensionAxle::getStatus
1402c8510	143	SuspensionAxle::getSteerBasis
1402c85a0	69	SuspensionAxle::getVelocity
1402c8680	94	SuspensionAxle::setERPCFM
1402c86e0	140	SuspensionAxle::setPositions
1402c8770	1598	SuspensionAxle::step
1402c8db0	19	SuspensionAxle::stop
1402c8e20	299	SuspensionML::SuspensionML
1402c8f50	111	SuspensionML::~SuspensionML
1402c8fc0	47	destructor'
1402c91d0	276	SuspensionML::addForceAtPos
1402c92f0	144	SuspensionML::addLocalForceAndTorque
1402c9380	152	SuspensionML::addTorque
1402c9420	5	SuspensionML::attach
1402c9430	25	SuspensionML::getBasePosition
1402c9450	29	SuspensionML::getDamage
1402c9470	5	SuspensionML::getDamper
1402c9480	534	SuspensionML::getDebugLines
1402c96a0	31	SuspensionML::getHubAngularVelocity
1402c96c0	219	SuspensionML::getHubWorldMatrix
1402c97a0	11	SuspensionML::getMass
1402c97b0	31	SuspensionML::getPointVelocity
1402c97d0	5	SuspensionML::getStatus
1402c97e0	345	SuspensionML::getSteerBasis
1402c9940	9	SuspensionML::getSteerTorque
1402c9950	28	SuspensionML::getVelocity
1402c9970	3847	SuspensionML::loadINI
1402ca970	11	SuspensionML::resetDamage
1402ca980	79	SuspensionML::setDamage
1402ca9d0	105	SuspensionML::setPositions
1402caa40	188	SuspensionML::setSteerLengthOffset
1402cab00	653	SuspensionML::step
1402cad90	19	SuspensionML::stop
1402cadb0	303	TimeLine::TimeLine
1402caee0	11	TimeLine::~TimeLine
1402caef0	239	TimeLine::check
1402cafe0	95	ksCalcCamberRAD
1402cb040	49	ksCalcContactPatchLength
1402cb080	35	ksCalcSlipAngleRAD
1402cb0b0	61	ksGFromRadius
1402cb0f0	125	ksSpeedFromRadius
1402cb170	303	SetupItem::SetupItem
1402cb2a0	164	SetupItem::~SetupItem
1402cb350	46	BrushTyreModel::BrushTyreModel
1402cb380	56	BrushTyreModel::getCFFromSlipAngle
1402cb3c0	286	BrushTyreModel::solve
1402cb4e0	236	BrushTyreModel::solveV5
1402cb5d0	33	ActiveActuator::ActiveActuator
1402cb600	9	CarControlsInput::~CarControlsInput
1402cb610	19	ActiveActuator::eval
1402cb630	51	ksPhysicsCoreODEFactory::create
1402cba80	392	PhysicsCore::PhysicsCore
1402cbc10	11	IPhysicsCore::~IPhysicsCore
1402cbc20	558	PhysicsCore::~PhysicsCore
1402cbe50	38	destructor'
1402cbe80	47	destructor'
1402cbeb0	38	destructor'
1402cbf90	128	PhysicsCore::collisionStep
1402cc010	222	PhysicsCore::createBallJoint
1402cc0f0	159	PhysicsCore::createCollisionMesh
1402cc190	258	PhysicsCore::createDistanceJoint
1402cc2a0	188	PhysicsCore::createFixedJoint
1402cc360	76	PhysicsCore::createRayCaster
1402cc3b0	60	PhysicsCore::createRigidBody
1402cc3f0	315	PhysicsCore::createSliderJoint
1402cc900	21	PhysicsCore::getCoreCPUTimes
1402cc920	408	PhysicsCore::getDynamicSubSpace
1402ccac0	408	PhysicsCore::getStaticSubSpace
1402ccc60	8	PhysicsCore::initMultithreading
1402ccc70	299	nearCallback
1402ccda0	706	PhysicsCore::onCollision
1402cd070	301	PhysicsCore::rayCast
1402cd1a0	97	PhysicsCore::rayCast
1402cd210	578	rayNearCallback
1402cd460	21	PhysicsCore::release
1402cd480	227	PhysicsCore::reseatDistanceJointLocal
1402cd570	32	PhysicsCore::resetCollisions
1402cd590	5	PhysicsCore::setCollisionCallback
1402cd5a0	85	DistanceJointODE::setERPCFM
1402cd600	85	SliderJointODE::setERPCFM
1402cd660	4	PhysicsCore::setNoCollisionSteps
1402cd670	26	PhysicsCore::setSliderAxis
1402cd690	73	PhysicsCore::step
1402cd800	138	RigidBodyODE::RigidBodyODE
1402cd8d0	11	ICollisionObject::~ICollisionObject
1402cd8e0	139	RigidBodyODE::~RigidBodyODE
1402cd970	38	destructor'
1402cd9a0	38	destructor'
1402cd9d0	38	destructor'
1402cda00	47	destructor'
1402cddb0	291	RigidBodyODE::addBoxCollider
1402cdee0	67	RigidBodyODE::addForceAtLocalPos
1402cdf30	67	RigidBodyODE::addForceAtPos
1402cdf80	53	RigidBodyODE::addLocalForce
1402cdfc0	67	RigidBodyODE::addLocalForceAtLocalPos
1402ce010	67	RigidBodyODE::addLocalForceAtPos
1402ce060	23	RigidBodyODE::addLocalTorque
1402ce080	837	RigidBodyODE::addMeshCollider
1402ce3d0	23	RigidBodyODE::addTorque
1402ce3f0	43	RigidBodyODE::getAngularVelocity
1402ce420	4	RBCollisionMesh::getGroup
1402ce430	66	RigidBodyODE::getLocalAngularVelocity
1402ce480	89	RigidBodyODE::getLocalInertia
1402ce4e0	57	RigidBodyODE::getLocalPointVelocity
1402ce520	63	RigidBodyODE::getLocalVelocity
1402ce560	4	RBCollisionMesh::getMask
1402ce570	45	RigidBodyODE::getMass
1402ce5a0	45	RigidBodyODE::getMeshCollideCategory
1402ce5d0	45	RigidBodyODE::getMeshCollideMask
1402ce600	57	RigidBodyODE::getPointVelocity
1402ce640	43	RigidBodyODE::getPosition
1402ce670	5	RBCollisionMesh::getUserPointer
1402ce680	49	RigidBodyODE::getVelocity
1402ce6c0	154	RigidBodyODE::getWorldMatrix
1402ce760	23	RigidBodyODE::isEnabled
1402ce780	57	RigidBodyODE::localToWorld
1402ce7c0	57	RigidBodyODE::localToWorldNormal
1402ce800	21	RigidBodyODE::release
1402ce820	23	RigidBodyODE::setAngularVelocity
1402ce840	25	RigidBodyODE::setAutoDisable
1402ce860	11	RigidBodyODE::setBoxColliderMask
1402ce870	17	RigidBodyODE::setEnabled
1402ce890	124	RigidBodyODE::setMassBox
1402ce910	136	RigidBodyODE::setMassExplicitInertia
1402ce9a0	25	RigidBodyODE::setMeshCollideCategory
1402ce9c0	25	RigidBodyODE::setMeshCollideMask
1402ce9e0	23	RigidBodyODE::setPosition
1402cea00	149	RigidBodyODE::setRotation
1402ceab0	23	RigidBodyODE::setVelocity
1402cead0	86	RigidBodyODE::stop
1402ceb30	57	RigidBodyODE::worldToLocal
1402ceb70	57	RigidBodyODE::worldToLocalNormal
1402cebb0	366	CollisionMeshODE::CollisionMeshODE
1402ced20	80	destructor'
1402ced70	9	CollisionMeshODE::getGroup
1402ced80	9	CollisionMeshODE::getMask
1402ced90	18	CollisionMeshODE::release
1402cedb0	5	CollisionMeshODE::setUserPointer
1402cedc0	73	RayCaster::RayCaster
1402cee10	38	destructor'
1402cee40	71	destructor'
1402cee90	36	RayCaster::rayCast
1402ceec0	17	RayCaster::release
14044ee40	339	TyreTester::TyreTester
14044efa0	106	TyreTester::~TyreTester
14044f020	47	destructor'
14044f140	28	TyreTester::getDebugLines
14044f160	196	TyreTester::getHubWorldMatrix
14044f230	4	SuspensionAxle::getDamage
14044f240	6	TyreTester::getLoad
14044f250	15	TyreTester::getPointVelocity
14044f260	12	TyreTester::getVelocity
14044f270	138	TyreTester::rayCast
14044f300	1029	TyreTester::slipAngleSweep
14044f710	998	TyreTester::slipRatioSweep
14044fb00	1105	TyreTester::srSASweep
14048cc60	12	destructor''::`1'::dtor$0
14048cc6c	16	destructor''::`1'::dtor$1
14048cc7c	19	destructor''::`1'::dtor$2
14048cc8f	19	destructor''::`1'::dtor$3
14048ef40	12	destructor''::`1'::dtor$0
14048ef4c	19	destructor''::`1'::dtor$1
14048ef5f	19	destructor''::`1'::dtor$2
